Brand;Model;
Request;Request blocked;
Request;Request blocked;
Request;Request blocked;
Request;Request blocked;
Request;Request blocked;
Request;Request blocked;
Request;Request blocked;
Request;Request blocked;
Request;Request blocked;
Request;Request blocked;
Request;Request blocked;
Request;Request blocked;
Request;Request blocked;
Request;Request blocked;
Request;Request blocked;
Request;Request blocked;
Request;Request blocked;
Request;Request blocked;
Request;Request blocked;
Request;Request blocked;
Request;Request blocked;
Request;Request blocked;
Request;Request blocked;
Request;Request blocked;
Request;Request blocked;
Request;Request blocked;
Request;Request blocked;
Request;Request blocked;
Request;Request blocked;
Request;Request blocked;
Request;Request blocked;
Request;Request blocked;
Request;Request blocked;
Request;Request blocked;
Request;Request blocked;
Request;Request blocked;
Request;Request blocked;
Request;Request blocked;
Request;Request blocked;
Request;Request blocked;
Request;Request blocked;
Request;Request blocked;
Request;Request blocked;
Request;Request blocked;
Request;Request blocked;
Request;Request blocked;
Request;Request blocked;
Request;Request blocked;
Request;Request blocked;
Request;Request blocked;
Request;Request blocked;
Request;Request blocked;
Request;Request blocked;
Request;Request blocked;
Request;Request blocked;
Request;Request blocked;
Request;Request blocked;
Request;Request blocked;
Request;Request blocked;
Request;Request blocked;
Request;Request blocked;
Request;Request blocked;
Request;Request blocked;
Request;Request blocked;
Request;Request blocked;
Request;Request blocked;
Request;Request blocked;
Request;Request blocked;
Request;Request blocked;
Request;Request blocked;
Request;Request blocked;
Request;Request blocked;
Request;Request blocked;
Request;Request blocked;
Request;Request blocked;
Request;Request blocked;
Request;Request blocked;
Request;Request blocked;
Request;Request blocked;
Request;Request blocked;
Request;Request blocked;
Request;Request blocked;
Request;Request blocked;
Request;Request blocked;
Request;Request blocked;
Request;Request blocked;
Request;Request blocked;
Request;Request blocked;
Request;Request blocked;
Request;Request blocked;
Request;Request blocked;
Request;Request blocked;
Request;Request blocked;
Request;Request blocked;
Request;Request blocked;
Request;Request blocked;
Request;Request blocked;
Request;Request blocked;
Request;Request blocked;
Request;Request blocked;
